sample_index,time_ns,raw_hex,is_trigger,probe[0],probe[1],probe[2],probe[3],probe[4],probe[5],probe[6],probe[7],probe[8],probe[9],probe[10],probe[11],probe[12],probe[13],probe[14],probe[15]
0,0.0,0xFFFF,1,1,1,1,1,1,1,1,1,1,1,1,1,1,1,1,1
1,83.3,0xFFFF,0,1,1,1,1,1,1,1,1,1,1,1,1,1,1,1,1
2,166.7,0xFFFF,0,1,1,1,1,1,1,1,1,1,1,1,1,1,1,1,1
3,250.0,0xFFFF,0,1,1,1,1,1,1,1,1,1,1,1,1,1,1,1,1
4,333.3,0xFFFF,0,1,1,1,1,1,1,1,1,1,1,1,1,1,1,1,1
5,416.7,0xFFFF,0,1,1,1,1,1,1,1,1,1,1,1,1,1,1,1,1
6,500.0,0xFFFF,0,1,1,1,1,1,1,1,1,1,1,1,1,1,1,1,1
7,583.3,0xFFFF,0,1,1,1,1,1,1,1,1,1,1,1,1,1,1,1,1
8,666.7,0xFFFF,0,1,1,1,1,1,1,1,1,1,1,1,1,1,1,1,1
9,750.0,0xFFFF,0,1,1,1,1,1,1,1,1,1,1,1,1,1,1,1,1
10,833.3,0xFFFF,0,1,1,1,1,1,1,1,1,1,1,1,1,1,1,1,1
11,916.7,0xFFFF,0,1,1,1,1,1,1,1,1,1,1,1,1,1,1,1,1
12,1000.0,0xFFFF,0,1,1,1,1,1,1,1,1,1,1,1,1,1,1,1,1
13,1083.3,0xFFFF,0,1,1,1,1,1,1,1,1,1,1,1,1,1,1,1,1
14,1166.7,0xFFFF,0,1,1,1,1,1,1,1,1,1,1,1,1,1,1,1,1
15,1250.0,0xFFFF,0,1,1,1,1,1,1,1,1,1,1,1,1,1,1,1,1
16,1333.3,0xFFFF,0,1,1,1,1,1,1,1,1,1,1,1,1,1,1,1,1
17,1416.7,0xFFFF,0,1,1,1,1,1,1,1,1,1,1,1,1,1,1,1,1
18,1500.0,0xFFFF,0,1,1,1,1,1,1,1,1,1,1,1,1,1,1,1,1
19,1583.3,0xFFFF,0,1,1,1,1,1,1,1,1,1,1,1,1,1,1,1,1
20,1666.7,0xFFFF,0,1,1,1,1,1,1,1,1,1,1,1,1,1,1,1,1
21,1750.0,0xFFFF,0,1,1,1,1,1,1,1,1,1,1,1,1,1,1,1,1
22,1833.3,0xFFFF,0,1,1,1,1,1,1,1,1,1,1,1,1,1,1,1,1
23,1916.7,0xFFFF,0,1,1,1,1,1,1,1,1,1,1,1,1,1,1,1,1
24,2000.0,0xFFFF,0,1,1,1,1,1,1,1,1,1,1,1,1,1,1,1,1
25,2083.3,0xFFFF,0,1,1,1,1,1,1,1,1,1,1,1,1,1,1,1,1
26,2166.7,0xFFFF,0,1,1,1,1,1,1,1,1,1,1,1,1,1,1,1,1
27,2250.0,0xFFFF,0,1,1,1,1,1,1,1,1,1,1,1,1,1,1,1,1
28,2333.3,0xFFFF,0,1,1,1,1,1,1,1,1,1,1,1,1,1,1,1,1
29,2416.7,0xFFFF,0,1,1,1,1,1,1,1,1,1,1,1,1,1,1,1,1
30,2500.0,0xFFFF,0,1,1,1,1,1,1,1,1,1,1,1,1,1,1,1,1
31,2583.3,0xFFFF,0,1,1,1,1,1,1,1,1,1,1,1,1,1,1,1,1
32,2666.7,0xFFFF,0,1,1,1,1,1,1,1,1,1,1,1,1,1,1,1,1
33,2750.0,0xFFFF,0,1,1,1,1,1,1,1,1,1,1,1,1,1,1,1,1
34,2833.3,0xFFFF,0,1,1,1,1,1,1,1,1,1,1,1,1,1,1,1,1
35,2916.7,0xFFFF,0,1,1,1,1,1,1,1,1,1,1,1,1,1,1,1,1
36,3000.0,0xFFFF,0,1,1,1,1,1,1,1,1,1,1,1,1,1,1,1,1
37,3083.3,0xFFFF,0,1,1,1,1,1,1,1,1,1,1,1,1,1,1,1,1
38,3166.7,0xFFFF,0,1,1,1,1,1,1,1,1,1,1,1,1,1,1,1,1
39,3250.0,0xFFFF,0,1,1,1,1,1,1,1,1,1,1,1,1,1,1,1,1
40,3333.3,0xFFFF,0,1,1,1,1,1,1,1,1,1,1,1,1,1,1,1,1
41,3416.7,0xFFFF,0,1,1,1,1,1,1,1,1,1,1,1,1,1,1,1,1
42,3500.0,0xFFFF,0,1,1,1,1,1,1,1,1,1,1,1,1,1,1,1,1
43,3583.3,0xFFFF,0,1,1,1,1,1,1,1,1,1,1,1,1,1,1,1,1
44,3666.7,0xFFFF,0,1,1,1,1,1,1,1,1,1,1,1,1,1,1,1,1
45,3750.0,0xFFFF,0,1,1,1,1,1,1,1,1,1,1,1,1,1,1,1,1
46,3833.3,0xFFFF,0,1,1,1,1,1,1,1,1,1,1,1,1,1,1,1,1
47,3916.7,0xFFFF,0,1,1,1,1,1,1,1,1,1,1,1,1,1,1,1,1
48,4000.0,0xFFFF,0,1,1,1,1,1,1,1,1,1,1,1,1,1,1,1,1
49,4083.3,0xFFFF,0,1,1,1,1,1,1,1,1,1,1,1,1,1,1,1,1
50,4166.7,0xFFFF,0,1,1,1,1,1,1,1,1,1,1,1,1,1,1,1,1
51,4250.0,0xFFFF,0,1,1,1,1,1,1,1,1,1,1,1,1,1,1,1,1
52,4333.3,0xFFFF,0,1,1,1,1,1,1,1,1,1,1,1,1,1,1,1,1
53,4416.7,0xFFFF,0,1,1,1,1,1,1,1,1,1,1,1,1,1,1,1,1
54,4500.0,0xFFFF,0,1,1,1,1,1,1,1,1,1,1,1,1,1,1,1,1
55,4583.3,0xFFFF,0,1,1,1,1,1,1,1,1,1,1,1,1,1,1,1,1
56,4666.7,0xFFFF,0,1,1,1,1,1,1,1,1,1,1,1,1,1,1,1,1
57,4750.0,0xFFFF,0,1,1,1,1,1,1,1,1,1,1,1,1,1,1,1,1
58,4833.3,0xFFFF,0,1,1,1,1,1,1,1,1,1,1,1,1,1,1,1,1
59,4916.7,0xFFFF,0,1,1,1,1,1,1,1,1,1,1,1,1,1,1,1,1
60,5000.0,0xFFFF,0,1,1,1,1,1,1,1,1,1,1,1,1,1,1,1,1
61,5083.3,0xFFFF,0,1,1,1,1,1,1,1,1,1,1,1,1,1,1,1,1
62,5166.7,0xFFFF,0,1,1,1,1,1,1,1,1,1,1,1,1,1,1,1,1
63,5250.0,0xFFFF,0,1,1,1,1,1,1,1,1,1,1,1,1,1,1,1,1
64,5333.3,0xFFFF,0,1,1,1,1,1,1,1,1,1,1,1,1,1,1,1,1
65,5416.7,0xFFFF,0,1,1,1,1,1,1,1,1,1,1,1,1,1,1,1,1
66,5500.0,0xFFFF,0,1,1,1,1,1,1,1,1,1,1,1,1,1,1,1,1
67,5583.3,0xFFFF,0,1,1,1,1,1,1,1,1,1,1,1,1,1,1,1,1
68,5666.7,0xFFFF,0,1,1,1,1,1,1,1,1,1,1,1,1,1,1,1,1
69,5750.0,0xFFFF,0,1,1,1,1,1,1,1,1,1,1,1,1,1,1,1,1
70,5833.3,0xFFFF,0,1,1,1,1,1,1,1,1,1,1,1,1,1,1,1,1
71,5916.7,0xFFFF,0,1,1,1,1,1,1,1,1,1,1,1,1,1,1,1,1
72,6000.0,0xFFFF,0,1,1,1,1,1,1,1,1,1,1,1,1,1,1,1,1
73,6083.3,0xFFFF,0,1,1,1,1,1,1,1,1,1,1,1,1,1,1,1,1
74,6166.7,0xFFFF,0,1,1,1,1,1,1,1,1,1,1,1,1,1,1,1,1
75,6250.0,0xFFFF,0,1,1,1,1,1,1,1,1,1,1,1,1,1,1,1,1
76,6333.3,0xFFFF,0,1,1,1,1,1,1,1,1,1,1,1,1,1,1,1,1
77,6416.7,0xFFFF,0,1,1,1,1,1,1,1,1,1,1,1,1,1,1,1,1
78,6500.0,0xFFFF,0,1,1,1,1,1,1,1,1,1,1,1,1,1,1,1,1
79,6583.3,0xFFFF,0,1,1,1,1,1,1,1,1,1,1,1,1,1,1,1,1
80,6666.7,0xFFFF,0,1,1,1,1,1,1,1,1,1,1,1,1,1,1,1,1
81,6750.0,0xFFFF,0,1,1,1,1,1,1,1,1,1,1,1,1,1,1,1,1
82,6833.3,0xFFFF,0,1,1,1,1,1,1,1,1,1,1,1,1,1,1,1,1
83,6916.7,0xFFFF,0,1,1,1,1,1,1,1,1,1,1,1,1,1,1,1,1
84,7000.0,0xFFFF,0,1,1,1,1,1,1,1,1,1,1,1,1,1,1,1,1
85,7083.3,0xFFFF,0,1,1,1,1,1,1,1,1,1,1,1,1,1,1,1,1
86,7166.7,0xFFFF,0,1,1,1,1,1,1,1,1,1,1,1,1,1,1,1,1
87,7250.0,0xFFFF,0,1,1,1,1,1,1,1,1,1,1,1,1,1,1,1,1
88,7333.3,0xFFFF,0,1,1,1,1,1,1,1,1,1,1,1,1,1,1,1,1
89,7416.7,0xFFFF,0,1,1,1,1,1,1,1,1,1,1,1,1,1,1,1,1
90,7500.0,0xFFFF,0,1,1,1,1,1,1,1,1,1,1,1,1,1,1,1,1
91,7583.3,0xFFFF,0,1,1,1,1,1,1,1,1,1,1,1,1,1,1,1,1
92,7666.7,0xFFFF,0,1,1,1,1,1,1,1,1,1,1,1,1,1,1,1,1
93,7750.0,0xFFFF,0,1,1,1,1,1,1,1,1,1,1,1,1,1,1,1,1
94,7833.3,0xFFFF,0,1,1,1,1,1,1,1,1,1,1,1,1,1,1,1,1
95,7916.7,0xFFFF,0,1,1,1,1,1,1,1,1,1,1,1,1,1,1,1,1
96,8000.0,0xFFFF,0,1,1,1,1,1,1,1,1,1,1,1,1,1,1,1,1
97,8083.3,0xFFFF,0,1,1,1,1,1,1,1,1,1,1,1,1,1,1,1,1
98,8166.7,0xFFFF,0,1,1,1,1,1,1,1,1,1,1,1,1,1,1,1,1
99,8250.0,0xFFFF,0,1,1,1,1,1,1,1,1,1,1,1,1,1,1,1,1
100,8333.3,0xFFFF,0,1,1,1,1,1,1,1,1,1,1,1,1,1,1,1,1
101,8416.7,0xFFFF,0,1,1,1,1,1,1,1,1,1,1,1,1,1,1,1,1
102,8500.0,0xFFFF,0,1,1,1,1,1,1,1,1,1,1,1,1,1,1,1,1
103,8583.3,0xFFFF,0,1,1,1,1,1,1,1,1,1,1,1,1,1,1,1,1
104,8666.7,0xFFFF,0,1,1,1,1,1,1,1,1,1,1,1,1,1,1,1,1
105,8750.0,0xFFFF,0,1,1,1,1,1,1,1,1,1,1,1,1,1,1,1,1
106,8833.3,0xFFFF,0,1,1,1,1,1,1,1,1,1,1,1,1,1,1,1,1
107,8916.7,0xFFFF,0,1,1,1,1,1,1,1,1,1,1,1,1,1,1,1,1
108,9000.0,0xFFFF,0,1,1,1,1,1,1,1,1,1,1,1,1,1,1,1,1
109,9083.3,0xFFFF,0,1,1,1,1,1,1,1,1,1,1,1,1,1,1,1,1
110,9166.7,0xFFFF,0,1,1,1,1,1,1,1,1,1,1,1,1,1,1,1,1
111,9250.0,0xFFFF,0,1,1,1,1,1,1,1,1,1,1,1,1,1,1,1,1
112,9333.3,0xFFFF,0,1,1,1,1,1,1,1,1,1,1,1,1,1,1,1,1
113,9416.7,0xFFFF,0,1,1,1,1,1,1,1,1,1,1,1,1,1,1,1,1
114,9500.0,0xFFFF,0,1,1,1,1,1,1,1,1,1,1,1,1,1,1,1,1
115,9583.3,0xFFFF,0,1,1,1,1,1,1,1,1,1,1,1,1,1,1,1,1
116,9666.7,0xFFFF,0,1,1,1,1,1,1,1,1,1,1,1,1,1,1,1,1
117,9750.0,0xFFFF,0,1,1,1,1,1,1,1,1,1,1,1,1,1,1,1,1
118,9833.3,0xFFFF,0,1,1,1,1,1,1,1,1,1,1,1,1,1,1,1,1
119,9916.7,0xFFFF,0,1,1,1,1,1,1,1,1,1,1,1,1,1,1,1,1
120,10000.0,0xFFFF,0,1,1,1,1,1,1,1,1,1,1,1,1,1,1,1,1
121,10083.3,0xFFFF,0,1,1,1,1,1,1,1,1,1,1,1,1,1,1,1,1
122,10166.7,0xFFFF,0,1,1,1,1,1,1,1,1,1,1,1,1,1,1,1,1
123,10250.0,0xFFFF,0,1,1,1,1,1,1,1,1,1,1,1,1,1,1,1,1
124,10333.3,0xFFFF,0,1,1,1,1,1,1,1,1,1,1,1,1,1,1,1,1
125,10416.7,0xFFFF,0,1,1,1,1,1,1,1,1,1,1,1,1,1,1,1,1
126,10500.0,0xFFFF,0,1,1,1,1,1,1,1,1,1,1,1,1,1,1,1,1
127,10583.3,0xFFFF,0,1,1,1,1,1,1,1,1,1,1,1,1,1,1,1,1
128,10666.7,0xFFFF,0,1,1,1,1,1,1,1,1,1,1,1,1,1,1,1,1
129,10750.0,0xFFFF,0,1,1,1,1,1,1,1,1,1,1,1,1,1,1,1,1
130,10833.3,0xFFFF,0,1,1,1,1,1,1,1,1,1,1,1,1,1,1,1,1
131,10916.7,0xFFFF,0,1,1,1,1,1,1,1,1,1,1,1,1,1,1,1,1
132,11000.0,0xFFFF,0,1,1,1,1,1,1,1,1,1,1,1,1,1,1,1,1
133,11083.3,0xFFFF,0,1,1,1,1,1,1,1,1,1,1,1,1,1,1,1,1
134,11166.7,0xFFFF,0,1,1,1,1,1,1,1,1,1,1,1,1,1,1,1,1
135,11250.0,0xFFFF,0,1,1,1,1,1,1,1,1,1,1,1,1,1,1,1,1
136,11333.3,0xFFFF,0,1,1,1,1,1,1,1,1,1,1,1,1,1,1,1,1
137,11416.7,0xFFFF,0,1,1,1,1,1,1,1,1,1,1,1,1,1,1,1,1
138,11500.0,0xFFFF,0,1,1,1,1,1,1,1,1,1,1,1,1,1,1,1,1
139,11583.3,0xFFFF,0,1,1,1,1,1,1,1,1,1,1,1,1,1,1,1,1
140,11666.7,0xFFFF,0,1,1,1,1,1,1,1,1,1,1,1,1,1,1,1,1
141,11750.0,0xFFFF,0,1,1,1,1,1,1,1,1,1,1,1,1,1,1,1,1
142,11833.3,0xFFFF,0,1,1,1,1,1,1,1,1,1,1,1,1,1,1,1,1
143,11916.7,0xFFFF,0,1,1,1,1,1,1,1,1,1,1,1,1,1,1,1,1
144,12000.0,0xFFFF,0,1,1,1,1,1,1,1,1,1,1,1,1,1,1,1,1
145,12083.3,0xFFFF,0,1,1,1,1,1,1,1,1,1,1,1,1,1,1,1,1
146,12166.7,0xFFFF,0,1,1,1,1,1,1,1,1,1,1,1,1,1,1,1,1
147,12250.0,0xFFFF,0,1,1,1,1,1,1,1,1,1,1,1,1,1,1,1,1
148,12333.3,0xFFFF,0,1,1,1,1,1,1,1,1,1,1,1,1,1,1,1,1
149,12416.7,0xFFFF,0,1,1,1,1,1,1,1,1,1,1,1,1,1,1,1,1
150,12500.0,0xFFFF,0,1,1,1,1,1,1,1,1,1,1,1,1,1,1,1,1
151,12583.3,0xFFFF,0,1,1,1,1,1,1,1,1,1,1,1,1,1,1,1,1
152,12666.7,0xFFFF,0,1,1,1,1,1,1,1,1,1,1,1,1,1,1,1,1
153,12750.0,0xFFFF,0,1,1,1,1,1,1,1,1,1,1,1,1,1,1,1,1
154,12833.3,0xFFFF,0,1,1,1,1,1,1,1,1,1,1,1,1,1,1,1,1
155,12916.7,0xFFFF,0,1,1,1,1,1,1,1,1,1,1,1,1,1,1,1,1
156,13000.0,0xFFFF,0,1,1,1,1,1,1,1,1,1,1,1,1,1,1,1,1
157,13083.3,0xFFFF,0,1,1,1,1,1,1,1,1,1,1,1,1,1,1,1,1
158,13166.7,0xFFFF,0,1,1,1,1,1,1,1,1,1,1,1,1,1,1,1,1
159,13250.0,0xFFFF,0,1,1,1,1,1,1,1,1,1,1,1,1,1,1,1,1
160,13333.3,0xFFFF,0,1,1,1,1,1,1,1,1,1,1,1,1,1,1,1,1
161,13416.7,0xFFFF,0,1,1,1,1,1,1,1,1,1,1,1,1,1,1,1,1
162,13500.0,0xFFFF,0,1,1,1,1,1,1,1,1,1,1,1,1,1,1,1,1
163,13583.3,0xFFFF,0,1,1,1,1,1,1,1,1,1,1,1,1,1,1,1,1
164,13666.7,0xFFFF,0,1,1,1,1,1,1,1,1,1,1,1,1,1,1,1,1
165,13750.0,0xFFFF,0,1,1,1,1,1,1,1,1,1,1,1,1,1,1,1,1
166,13833.3,0xFFFF,0,1,1,1,1,1,1,1,1,1,1,1,1,1,1,1,1
167,13916.7,0xFFFF,0,1,1,1,1,1,1,1,1,1,1,1,1,1,1,1,1
168,14000.0,0xFFFF,0,1,1,1,1,1,1,1,1,1,1,1,1,1,1,1,1
169,14083.3,0xFFFF,0,1,1,1,1,1,1,1,1,1,1,1,1,1,1,1,1
170,14166.7,0xFFFF,0,1,1,1,1,1,1,1,1,1,1,1,1,1,1,1,1
171,14250.0,0xFFFF,0,1,1,1,1,1,1,1,1,1,1,1,1,1,1,1,1
172,14333.3,0xFFFF,0,1,1,1,1,1,1,1,1,1,1,1,1,1,1,1,1
173,14416.7,0xFFFF,0,1,1,1,1,1,1,1,1,1,1,1,1,1,1,1,1
174,14500.0,0xFFFF,0,1,1,1,1,1,1,1,1,1,1,1,1,1,1,1,1
175,14583.3,0xFFFF,0,1,1,1,1,1,1,1,1,1,1,1,1,1,1,1,1
176,14666.7,0xFFFF,0,1,1,1,1,1,1,1,1,1,1,1,1,1,1,1,1
177,14750.0,0xFFFF,0,1,1,1,1,1,1,1,1,1,1,1,1,1,1,1,1
178,14833.3,0xFFFF,0,1,1,1,1,1,1,1,1,1,1,1,1,1,1,1,1
179,14916.7,0xFFFF,0,1,1,1,1,1,1,1,1,1,1,1,1,1,1,1,1
180,15000.0,0xFFFF,0,1,1,1,1,1,1,1,1,1,1,1,1,1,1,1,1
181,15083.3,0xFFFF,0,1,1,1,1,1,1,1,1,1,1,1,1,1,1,1,1
182,15166.7,0xFFFF,0,1,1,1,1,1,1,1,1,1,1,1,1,1,1,1,1
183,15250.0,0xFFFF,0,1,1,1,1,1,1,1,1,1,1,1,1,1,1,1,1
184,15333.3,0xFFFF,0,1,1,1,1,1,1,1,1,1,1,1,1,1,1,1,1
185,15416.7,0xFFFF,0,1,1,1,1,1,1,1,1,1,1,1,1,1,1,1,1
186,15500.0,0xFFFF,0,1,1,1,1,1,1,1,1,1,1,1,1,1,1,1,1
187,15583.3,0xFFFF,0,1,1,1,1,1,1,1,1,1,1,1,1,1,1,1,1
188,15666.7,0xFFFF,0,1,1,1,1,1,1,1,1,1,1,1,1,1,1,1,1
189,15750.0,0xFFFF,0,1,1,1,1,1,1,1,1,1,1,1,1,1,1,1,1
190,15833.3,0xFFFF,0,1,1,1,1,1,1,1,1,1,1,1,1,1,1,1,1
191,15916.7,0xFFFF,0,1,1,1,1,1,1,1,1,1,1,1,1,1,1,1,1
192,16000.0,0xFFFF,0,1,1,1,1,1,1,1,1,1,1,1,1,1,1,1,1
193,16083.3,0xFFFF,0,1,1,1,1,1,1,1,1,1,1,1,1,1,1,1,1
194,16166.7,0xFFFF,0,1,1,1,1,1,1,1,1,1,1,1,1,1,1,1,1
195,16250.0,0xFFFF,0,1,1,1,1,1,1,1,1,1,1,1,1,1,1,1,1
196,16333.3,0xFFFF,0,1,1,1,1,1,1,1,1,1,1,1,1,1,1,1,1
197,16416.7,0xFFFF,0,1,1,1,1,1,1,1,1,1,1,1,1,1,1,1,1
198,16500.0,0xFFFF,0,1,1,1,1,1,1,1,1,1,1,1,1,1,1,1,1
199,16583.3,0xFFFF,0,1,1,1,1,1,1,1,1,1,1,1,1,1,1,1,1
200,16666.7,0xFFFF,0,1,1,1,1,1,1,1,1,1,1,1,1,1,1,1,1
201,16750.0,0xFFFF,0,1,1,1,1,1,1,1,1,1,1,1,1,1,1,1,1
202,16833.3,0xFFFF,0,1,1,1,1,1,1,1,1,1,1,1,1,1,1,1,1
203,16916.7,0xFFFF,0,1,1,1,1,1,1,1,1,1,1,1,1,1,1,1,1
204,17000.0,0xFFFF,0,1,1,1,1,1,1,1,1,1,1,1,1,1,1,1,1
205,17083.3,0xFFFF,0,1,1,1,1,1,1,1,1,1,1,1,1,1,1,1,1
206,17166.7,0xFFFF,0,1,1,1,1,1,1,1,1,1,1,1,1,1,1,1,1
207,17250.0,0xFFFF,0,1,1,1,1,1,1,1,1,1,1,1,1,1,1,1,1
208,17333.3,0xFFFF,0,1,1,1,1,1,1,1,1,1,1,1,1,1,1,1,1
209,17416.7,0xFFFF,0,1,1,1,1,1,1,1,1,1,1,1,1,1,1,1,1
210,17500.0,0xFFFF,0,1,1,1,1,1,1,1,1,1,1,1,1,1,1,1,1
211,17583.3,0xFFFF,0,1,1,1,1,1,1,1,1,1,1,1,1,1,1,1,1
212,17666.7,0xFFFF,0,1,1,1,1,1,1,1,1,1,1,1,1,1,1,1,1
213,17750.0,0xFFFF,0,1,1,1,1,1,1,1,1,1,1,1,1,1,1,1,1
214,17833.3,0xFFFF,0,1,1,1,1,1,1,1,1,1,1,1,1,1,1,1,1
215,17916.7,0xFFFF,0,1,1,1,1,1,1,1,1,1,1,1,1,1,1,1,1
216,18000.0,0xFFFF,0,1,1,1,1,1,1,1,1,1,1,1,1,1,1,1,1
217,18083.3,0xFFFF,0,1,1,1,1,1,1,1,1,1,1,1,1,1,1,1,1
218,18166.7,0xFFFF,0,1,1,1,1,1,1,1,1,1,1,1,1,1,1,1,1
219,18250.0,0xFFFF,0,1,1,1,1,1,1,1,1,1,1,1,1,1,1,1,1
220,18333.3,0xFFFF,0,1,1,1,1,1,1,1,1,1,1,1,1,1,1,1,1
221,18416.7,0xFFFF,0,1,1,1,1,1,1,1,1,1,1,1,1,1,1,1,1
222,18500.0,0xFFFF,0,1,1,1,1,1,1,1,1,1,1,1,1,1,1,1,1
223,18583.3,0xFFFF,0,1,1,1,1,1,1,1,1,1,1,1,1,1,1,1,1
224,18666.7,0xFFFF,0,1,1,1,1,1,1,1,1,1,1,1,1,1,1,1,1
225,18750.0,0xFFFF,0,1,1,1,1,1,1,1,1,1,1,1,1,1,1,1,1
226,18833.3,0xFFFF,0,1,1,1,1,1,1,1,1,1,1,1,1,1,1,1,1
227,18916.7,0xFFFF,0,1,1,1,1,1,1,1,1,1,1,1,1,1,1,1,1
228,19000.0,0xFFFF,0,1,1,1,1,1,1,1,1,1,1,1,1,1,1,1,1
229,19083.3,0xFFFF,0,1,1,1,1,1,1,1,1,1,1,1,1,1,1,1,1
230,19166.7,0xFFFF,0,1,1,1,1,1,1,1,1,1,1,1,1,1,1,1,1
231,19250.0,0xFFFF,0,1,1,1,1,1,1,1,1,1,1,1,1,1,1,1,1
232,19333.3,0xFFFF,0,1,1,1,1,1,1,1,1,1,1,1,1,1,1,1,1
233,19416.7,0xFFFF,0,1,1,1,1,1,1,1,1,1,1,1,1,1,1,1,1
234,19500.0,0xFFFF,0,1,1,1,1,1,1,1,1,1,1,1,1,1,1,1,1
235,19583.3,0xFFFF,0,1,1,1,1,1,1,1,1,1,1,1,1,1,1,1,1
236,19666.7,0xFFFF,0,1,1,1,1,1,1,1,1,1,1,1,1,1,1,1,1
237,19750.0,0xFFFF,0,1,1,1,1,1,1,1,1,1,1,1,1,1,1,1,1
238,19833.3,0xFFFF,0,1,1,1,1,1,1,1,1,1,1,1,1,1,1,1,1
239,19916.7,0xFFFF,0,1,1,1,1,1,1,1,1,1,1,1,1,1,1,1,1
240,20000.0,0xFFFF,0,1,1,1,1,1,1,1,1,1,1,1,1,1,1,1,1
241,20083.3,0xFFFF,0,1,1,1,1,1,1,1,1,1,1,1,1,1,1,1,1
242,20166.7,0xFFFF,0,1,1,1,1,1,1,1,1,1,1,1,1,1,1,1,1
243,20250.0,0xFFFF,0,1,1,1,1,1,1,1,1,1,1,1,1,1,1,1,1
244,20333.3,0xFFFF,0,1,1,1,1,1,1,1,1,1,1,1,1,1,1,1,1
245,20416.7,0xFFFF,0,1,1,1,1,1,1,1,1,1,1,1,1,1,1,1,1
246,20500.0,0xFFFF,0,1,1,1,1,1,1,1,1,1,1,1,1,1,1,1,1
247,20583.3,0xFFFF,0,1,1,1,1,1,1,1,1,1,1,1,1,1,1,1,1
248,20666.7,0xFFFF,0,1,1,1,1,1,1,1,1,1,1,1,1,1,1,1,1
249,20750.0,0xFFFF,0,1,1,1,1,1,1,1,1,1,1,1,1,1,1,1,1
250,20833.3,0xFFFF,0,1,1,1,1,1,1,1,1,1,1,1,1,1,1,1,1
251,20916.7,0xFFFF,0,1,1,1,1,1,1,1,1,1,1,1,1,1,1,1,1
252,21000.0,0xFFFF,0,1,1,1,1,1,1,1,1,1,1,1,1,1,1,1,1
253,21083.3,0xFFFF,0,1,1,1,1,1,1,1,1,1,1,1,1,1,1,1,1
254,21166.7,0xFFFF,0,1,1,1,1,1,1,1,1,1,1,1,1,1,1,1,1
255,21250.0,0xFFFF,0,1,1,1,1,1,1,1,1,1,1,1,1,1,1,1,1
256,21333.3,0xFFFF,0,1,1,1,1,1,1,1,1,1,1,1,1,1,1,1,1
257,21416.7,0xFFFF,0,1,1,1,1,1,1,1,1,1,1,1,1,1,1,1,1
258,21500.0,0xFFFF,0,1,1,1,1,1,1,1,1,1,1,1,1,1,1,1,1
259,21583.3,0xFFFF,0,1,1,1,1,1,1,1,1,1,1,1,1,1,1,1,1
260,21666.7,0xFFFF,0,1,1,1,1,1,1,1,1,1,1,1,1,1,1,1,1
261,21750.0,0xFFFF,0,1,1,1,1,1,1,1,1,1,1,1,1,1,1,1,1
262,21833.3,0xFFFF,0,1,1,1,1,1,1,1,1,1,1,1,1,1,1,1,1
263,21916.7,0xFFFF,0,1,1,1,1,1,1,1,1,1,1,1,1,1,1,1,1
264,22000.0,0xFFFF,0,1,1,1,1,1,1,1,1,1,1,1,1,1,1,1,1
265,22083.3,0xFFFF,0,1,1,1,1,1,1,1,1,1,1,1,1,1,1,1,1
266,22166.7,0xFFFF,0,1,1,1,1,1,1,1,1,1,1,1,1,1,1,1,1
267,22250.0,0xFFFF,0,1,1,1,1,1,1,1,1,1,1,1,1,1,1,1,1
268,22333.3,0xFFFF,0,1,1,1,1,1,1,1,1,1,1,1,1,1,1,1,1
269,22416.7,0xFFFF,0,1,1,1,1,1,1,1,1,1,1,1,1,1,1,1,1
270,22500.0,0xFFFF,0,1,1,1,1,1,1,1,1,1,1,1,1,1,1,1,1
271,22583.3,0xFFFF,0,1,1,1,1,1,1,1,1,1,1,1,1,1,1,1,1
272,22666.7,0xFFFF,0,1,1,1,1,1,1,1,1,1,1,1,1,1,1,1,1
273,22750.0,0xFFFF,0,1,1,1,1,1,1,1,1,1,1,1,1,1,1,1,1
274,22833.3,0xFFFF,0,1,1,1,1,1,1,1,1,1,1,1,1,1,1,1,1
275,22916.7,0xFFFF,0,1,1,1,1,1,1,1,1,1,1,1,1,1,1,1,1
276,23000.0,0xFFFF,0,1,1,1,1,1,1,1,1,1,1,1,1,1,1,1,1
277,23083.3,0xFFFF,0,1,1,1,1,1,1,1,1,1,1,1,1,1,1,1,1
278,23166.7,0xFFFF,0,1,1,1,1,1,1,1,1,1,1,1,1,1,1,1,1
279,23250.0,0xFFFF,0,1,1,1,1,1,1,1,1,1,1,1,1,1,1,1,1
280,23333.3,0xFFFF,0,1,1,1,1,1,1,1,1,1,1,1,1,1,1,1,1
281,23416.7,0xFFFF,0,1,1,1,1,1,1,1,1,1,1,1,1,1,1,1,1
282,23500.0,0xFFFF,0,1,1,1,1,1,1,1,1,1,1,1,1,1,1,1,1
283,23583.3,0xFFFF,0,1,1,1,1,1,1,1,1,1,1,1,1,1,1,1,1
284,23666.7,0xFFFF,0,1,1,1,1,1,1,1,1,1,1,1,1,1,1,1,1
285,23750.0,0xFFFF,0,1,1,1,1,1,1,1,1,1,1,1,1,1,1,1,1
286,23833.3,0xFFFF,0,1,1,1,1,1,1,1,1,1,1,1,1,1,1,1,1
287,23916.7,0xFFFF,0,1,1,1,1,1,1,1,1,1,1,1,1,1,1,1,1
288,24000.0,0xFFFF,0,1,1,1,1,1,1,1,1,1,1,1,1,1,1,1,1
289,24083.3,0xFFFF,0,1,1,1,1,1,1,1,1,1,1,1,1,1,1,1,1
290,24166.7,0xFFFF,0,1,1,1,1,1,1,1,1,1,1,1,1,1,1,1,1
291,24250.0,0xFFFF,0,1,1,1,1,1,1,1,1,1,1,1,1,1,1,1,1
292,24333.3,0xFFFF,0,1,1,1,1,1,1,1,1,1,1,1,1,1,1,1,1
293,24416.7,0xFFFF,0,1,1,1,1,1,1,1,1,1,1,1,1,1,1,1,1
294,24500.0,0xFFFF,0,1,1,1,1,1,1,1,1,1,1,1,1,1,1,1,1
295,24583.3,0xFFFF,0,1,1,1,1,1,1,1,1,1,1,1,1,1,1,1,1
296,24666.7,0xFFFF,0,1,1,1,1,1,1,1,1,1,1,1,1,1,1,1,1
297,24750.0,0xFFFF,0,1,1,1,1,1,1,1,1,1,1,1,1,1,1,1,1
298,24833.3,0xFFFF,0,1,1,1,1,1,1,1,1,1,1,1,1,1,1,1,1
299,24916.7,0xFFFF,0,1,1,1,1,1,1,1,1,1,1,1,1,1,1,1,1
300,25000.0,0xFFFF,0,1,1,1,1,1,1,1,1,1,1,1,1,1,1,1,1
301,25083.3,0xFFFF,0,1,1,1,1,1,1,1,1,1,1,1,1,1,1,1,1
302,25166.7,0xFFFF,0,1,1,1,1,1,1,1,1,1,1,1,1,1,1,1,1
303,25250.0,0xFFFF,0,1,1,1,1,1,1,1,1,1,1,1,1,1,1,1,1
304,25333.3,0xFFFF,0,1,1,1,1,1,1,1,1,1,1,1,1,1,1,1,1
305,25416.7,0xFFFF,0,1,1,1,1,1,1,1,1,1,1,1,1,1,1,1,1
306,25500.0,0xFFFF,0,1,1,1,1,1,1,1,1,1,1,1,1,1,1,1,1
307,25583.3,0xFFFF,0,1,1,1,1,1,1,1,1,1,1,1,1,1,1,1,1
308,25666.7,0xFFFF,0,1,1,1,1,1,1,1,1,1,1,1,1,1,1,1,1
309,25750.0,0xFFFF,0,1,1,1,1,1,1,1,1,1,1,1,1,1,1,1,1
310,25833.3,0xFFFF,0,1,1,1,1,1,1,1,1,1,1,1,1,1,1,1,1
311,25916.7,0xFFFF,0,1,1,1,1,1,1,1,1,1,1,1,1,1,1,1,1
312,26000.0,0xFFFF,0,1,1,1,1,1,1,1,1,1,1,1,1,1,1,1,1
313,26083.3,0xFFFF,0,1,1,1,1,1,1,1,1,1,1,1,1,1,1,1,1
314,26166.7,0xFFFF,0,1,1,1,1,1,1,1,1,1,1,1,1,1,1,1,1
315,26250.0,0xFFFF,0,1,1,1,1,1,1,1,1,1,1,1,1,1,1,1,1
316,26333.3,0xFFFF,0,1,1,1,1,1,1,1,1,1,1,1,1,1,1,1,1
317,26416.7,0xFFFF,0,1,1,1,1,1,1,1,1,1,1,1,1,1,1,1,1
318,26500.0,0xFFFF,0,1,1,1,1,1,1,1,1,1,1,1,1,1,1,1,1
319,26583.3,0xFFFF,0,1,1,1,1,1,1,1,1,1,1,1,1,1,1,1,1
320,26666.7,0xFFFF,0,1,1,1,1,1,1,1,1,1,1,1,1,1,1,1,1
321,26750.0,0xFFFF,0,1,1,1,1,1,1,1,1,1,1,1,1,1,1,1,1
322,26833.3,0xFFFF,0,1,1,1,1,1,1,1,1,1,1,1,1,1,1,1,1
323,26916.7,0xFFFF,0,1,1,1,1,1,1,1,1,1,1,1,1,1,1,1,1
324,27000.0,0xFFFF,0,1,1,1,1,1,1,1,1,1,1,1,1,1,1,1,1
325,27083.3,0xFFFF,0,1,1,1,1,1,1,1,1,1,1,1,1,1,1,1,1
326,27166.7,0xFFFF,0,1,1,1,1,1,1,1,1,1,1,1,1,1,1,1,1
327,27250.0,0xFFFF,0,1,1,1,1,1,1,1,1,1,1,1,1,1,1,1,1
328,27333.3,0xFFFF,0,1,1,1,1,1,1,1,1,1,1,1,1,1,1,1,1
329,27416.7,0xFFFF,0,1,1,1,1,1,1,1,1,1,1,1,1,1,1,1,1
330,27500.0,0xFFFF,0,1,1,1,1,1,1,1,1,1,1,1,1,1,1,1,1
331,27583.3,0xFFFF,0,1,1,1,1,1,1,1,1,1,1,1,1,1,1,1,1
332,27666.7,0xFFFF,0,1,1,1,1,1,1,1,1,1,1,1,1,1,1,1,1
333,27750.0,0xFFFF,0,1,1,1,1,1,1,1,1,1,1,1,1,1,1,1,1
334,27833.3,0xFFFF,0,1,1,1,1,1,1,1,1,1,1,1,1,1,1,1,1
335,27916.7,0xFFFF,0,1,1,1,1,1,1,1,1,1,1,1,1,1,1,1,1
336,28000.0,0xFFFF,0,1,1,1,1,1,1,1,1,1,1,1,1,1,1,1,1
337,28083.3,0xFFFF,0,1,1,1,1,1,1,1,1,1,1,1,1,1,1,1,1
338,28166.7,0xFFFF,0,1,1,1,1,1,1,1,1,1,1,1,1,1,1,1,1
339,28250.0,0xFFFF,0,1,1,1,1,1,1,1,1,1,1,1,1,1,1,1,1
340,28333.3,0xFFFF,0,1,1,1,1,1,1,1,1,1,1,1,1,1,1,1,1
341,28416.7,0xFFFF,0,1,1,1,1,1,1,1,1,1,1,1,1,1,1,1,1
342,28500.0,0xFFFF,0,1,1,1,1,1,1,1,1,1,1,1,1,1,1,1,1
343,28583.3,0xFFFF,0,1,1,1,1,1,1,1,1,1,1,1,1,1,1,1,1
344,28666.7,0xFFFF,0,1,1,1,1,1,1,1,1,1,1,1,1,1,1,1,1
345,28750.0,0xFFFF,0,1,1,1,1,1,1,1,1,1,1,1,1,1,1,1,1
346,28833.3,0xFFFF,0,1,1,1,1,1,1,1,1,1,1,1,1,1,1,1,1
347,28916.7,0xFFFF,0,1,1,1,1,1,1,1,1,1,1,1,1,1,1,1,1
348,29000.0,0xFFFF,0,1,1,1,1,1,1,1,1,1,1,1,1,1,1,1,1
349,29083.3,0xFFFF,0,1,1,1,1,1,1,1,1,1,1,1,1,1,1,1,1
350,29166.7,0xFFFF,0,1,1,1,1,1,1,1,1,1,1,1,1,1,1,1,1
351,29250.0,0xFFFF,0,1,1,1,1,1,1,1,1,1,1,1,1,1,1,1,1
352,29333.3,0xFFFF,0,1,1,1,1,1,1,1,1,1,1,1,1,1,1,1,1
353,29416.7,0xFFFF,0,1,1,1,1,1,1,1,1,1,1,1,1,1,1,1,1
354,29500.0,0xFFFF,0,1,1,1,1,1,1,1,1,1,1,1,1,1,1,1,1
355,29583.3,0xFFFF,0,1,1,1,1,1,1,1,1,1,1,1,1,1,1,1,1
356,29666.7,0xFFFF,0,1,1,1,1,1,1,1,1,1,1,1,1,1,1,1,1
357,29750.0,0xFFFF,0,1,1,1,1,1,1,1,1,1,1,1,1,1,1,1,1
358,29833.3,0xFFFF,0,1,1,1,1,1,1,1,1,1,1,1,1,1,1,1,1
359,29916.7,0xFFFF,0,1,1,1,1,1,1,1,1,1,1,1,1,1,1,1,1
360,30000.0,0xFFFF,0,1,1,1,1,1,1,1,1,1,1,1,1,1,1,1,1
361,30083.3,0xFFFF,0,1,1,1,1,1,1,1,1,1,1,1,1,1,1,1,1
362,30166.7,0xFFFF,0,1,1,1,1,1,1,1,1,1,1,1,1,1,1,1,1
363,30250.0,0xFFFF,0,1,1,1,1,1,1,1,1,1,1,1,1,1,1,1,1
364,30333.3,0xFFFF,0,1,1,1,1,1,1,1,1,1,1,1,1,1,1,1,1
365,30416.7,0xFFFF,0,1,1,1,1,1,1,1,1,1,1,1,1,1,1,1,1
366,30500.0,0xFFFF,0,1,1,1,1,1,1,1,1,1,1,1,1,1,1,1,1
367,30583.3,0xFFFF,0,1,1,1,1,1,1,1,1,1,1,1,1,1,1,1,1
368,30666.7,0xFFFF,0,1,1,1,1,1,1,1,1,1,1,1,1,1,1,1,1
369,30750.0,0xFFFF,0,1,1,1,1,1,1,1,1,1,1,1,1,1,1,1,1
370,30833.3,0xFFFF,0,1,1,1,1,1,1,1,1,1,1,1,1,1,1,1,1
371,30916.7,0xFFFF,0,1,1,1,1,1,1,1,1,1,1,1,1,1,1,1,1
372,31000.0,0xFFFF,0,1,1,1,1,1,1,1,1,1,1,1,1,1,1,1,1
373,31083.3,0xFFFF,0,1,1,1,1,1,1,1,1,1,1,1,1,1,1,1,1
374,31166.7,0xFFFF,0,1,1,1,1,1,1,1,1,1,1,1,1,1,1,1,1
375,31250.0,0xFFFF,0,1,1,1,1,1,1,1,1,1,1,1,1,1,1,1,1
376,31333.3,0xFFFF,0,1,1,1,1,1,1,1,1,1,1,1,1,1,1,1,1
377,31416.7,0xFFFF,0,1,1,1,1,1,1,1,1,1,1,1,1,1,1,1,1
378,31500.0,0xFFFF,0,1,1,1,1,1,1,1,1,1,1,1,1,1,1,1,1
379,31583.3,0xFFFF,0,1,1,1,1,1,1,1,1,1,1,1,1,1,1,1,1
380,31666.7,0xFFFF,0,1,1,1,1,1,1,1,1,1,1,1,1,1,1,1,1
381,31750.0,0xFFFF,0,1,1,1,1,1,1,1,1,1,1,1,1,1,1,1,1
382,31833.3,0xFFFF,0,1,1,1,1,1,1,1,1,1,1,1,1,1,1,1,1
383,31916.7,0xFFFF,0,1,1,1,1,1,1,1,1,1,1,1,1,1,1,1,1
384,32000.0,0xFFFF,0,1,1,1,1,1,1,1,1,1,1,1,1,1,1,1,1
385,32083.3,0xFFFF,0,1,1,1,1,1,1,1,1,1,1,1,1,1,1,1,1
386,32166.7,0xFFFF,0,1,1,1,1,1,1,1,1,1,1,1,1,1,1,1,1
387,32250.0,0xFFFF,0,1,1,1,1,1,1,1,1,1,1,1,1,1,1,1,1
388,32333.3,0xFFFF,0,1,1,1,1,1,1,1,1,1,1,1,1,1,1,1,1
389,32416.7,0xFFFF,0,1,1,1,1,1,1,1,1,1,1,1,1,1,1,1,1
390,32500.0,0xFFFF,0,1,1,1,1,1,1,1,1,1,1,1,1,1,1,1,1
391,32583.3,0xFFFF,0,1,1,1,1,1,1,1,1,1,1,1,1,1,1,1,1
392,32666.7,0xFFFF,0,1,1,1,1,1,1,1,1,1,1,1,1,1,1,1,1
393,32750.0,0xFFFF,0,1,1,1,1,1,1,1,1,1,1,1,1,1,1,1,1
394,32833.3,0xFFFF,0,1,1,1,1,1,1,1,1,1,1,1,1,1,1,1,1
395,32916.7,0xFFFF,0,1,1,1,1,1,1,1,1,1,1,1,1,1,1,1,1
396,33000.0,0xFFFF,0,1,1,1,1,1,1,1,1,1,1,1,1,1,1,1,1
397,33083.3,0xFFFF,0,1,1,1,1,1,1,1,1,1,1,1,1,1,1,1,1
398,33166.7,0xFFFF,0,1,1,1,1,1,1,1,1,1,1,1,1,1,1,1,1
399,33250.0,0xFFFF,0,1,1,1,1,1,1,1,1,1,1,1,1,1,1,1,1
400,33333.3,0xFFFF,0,1,1,1,1,1,1,1,1,1,1,1,1,1,1,1,1
401,33416.7,0xFFFF,0,1,1,1,1,1,1,1,1,1,1,1,1,1,1,1,1
402,33500.0,0xFFFF,0,1,1,1,1,1,1,1,1,1,1,1,1,1,1,1,1
403,33583.3,0xFFFF,0,1,1,1,1,1,1,1,1,1,1,1,1,1,1,1,1
404,33666.7,0xFFFF,0,1,1,1,1,1,1,1,1,1,1,1,1,1,1,1,1
405,33750.0,0xFFFF,0,1,1,1,1,1,1,1,1,1,1,1,1,1,1,1,1
406,33833.3,0xFFFF,0,1,1,1,1,1,1,1,1,1,1,1,1,1,1,1,1
407,33916.7,0xFFFF,0,1,1,1,1,1,1,1,1,1,1,1,1,1,1,1,1
408,34000.0,0xFFFF,0,1,1,1,1,1,1,1,1,1,1,1,1,1,1,1,1
409,34083.3,0xFFFF,0,1,1,1,1,1,1,1,1,1,1,1,1,1,1,1,1
410,34166.7,0xFFFF,0,1,1,1,1,1,1,1,1,1,1,1,1,1,1,1,1
411,34250.0,0xFFFF,0,1,1,1,1,1,1,1,1,1,1,1,1,1,1,1,1
412,34333.3,0xFFFF,0,1,1,1,1,1,1,1,1,1,1,1,1,1,1,1,1
413,34416.7,0xFFFF,0,1,1,1,1,1,1,1,1,1,1,1,1,1,1,1,1
414,34500.0,0xFFFF,0,1,1,1,1,1,1,1,1,1,1,1,1,1,1,1,1
415,34583.3,0xFFFF,0,1,1,1,1,1,1,1,1,1,1,1,1,1,1,1,1
416,34666.7,0xFFFF,0,1,1,1,1,1,1,1,1,1,1,1,1,1,1,1,1
417,34750.0,0xFFFF,0,1,1,1,1,1,1,1,1,1,1,1,1,1,1,1,1
418,34833.3,0xFFFF,0,1,1,1,1,1,1,1,1,1,1,1,1,1,1,1,1
419,34916.7,0xFFFF,0,1,1,1,1,1,1,1,1,1,1,1,1,1,1,1,1
420,35000.0,0xFFFF,0,1,1,1,1,1,1,1,1,1,1,1,1,1,1,1,1
421,35083.3,0xFFFF,0,1,1,1,1,1,1,1,1,1,1,1,1,1,1,1,1
422,35166.7,0xFFFF,0,1,1,1,1,1,1,1,1,1,1,1,1,1,1,1,1
423,35250.0,0xFFFF,0,1,1,1,1,1,1,1,1,1,1,1,1,1,1,1,1
424,35333.3,0xFFFF,0,1,1,1,1,1,1,1,1,1,1,1,1,1,1,1,1
425,35416.7,0xFFFF,0,1,1,1,1,1,1,1,1,1,1,1,1,1,1,1,1
426,35500.0,0xFFFF,0,1,1,1,1,1,1,1,1,1,1,1,1,1,1,1,1
427,35583.3,0xFFFF,0,1,1,1,1,1,1,1,1,1,1,1,1,1,1,1,1
428,35666.7,0xFFFF,0,1,1,1,1,1,1,1,1,1,1,1,1,1,1,1,1
429,35750.0,0xFFFF,0,1,1,1,1,1,1,1,1,1,1,1,1,1,1,1,1
430,35833.3,0xFFFF,0,1,1,1,1,1,1,1,1,1,1,1,1,1,1,1,1
431,35916.7,0xFFFF,0,1,1,1,1,1,1,1,1,1,1,1,1,1,1,1,1
432,36000.0,0xFFFF,0,1,1,1,1,1,1,1,1,1,1,1,1,1,1,1,1
433,36083.3,0xFFFF,0,1,1,1,1,1,1,1,1,1,1,1,1,1,1,1,1
434,36166.7,0xFFFF,0,1,1,1,1,1,1,1,1,1,1,1,1,1,1,1,1
435,36250.0,0xFFFF,0,1,1,1,1,1,1,1,1,1,1,1,1,1,1,1,1
436,36333.3,0xFFFF,0,1,1,1,1,1,1,1,1,1,1,1,1,1,1,1,1
437,36416.7,0xFFFF,0,1,1,1,1,1,1,1,1,1,1,1,1,1,1,1,1
438,36500.0,0xFFFF,0,1,1,1,1,1,1,1,1,1,1,1,1,1,1,1,1
439,36583.3,0xFFFF,0,1,1,1,1,1,1,1,1,1,1,1,1,1,1,1,1
440,36666.7,0xFFFF,0,1,1,1,1,1,1,1,1,1,1,1,1,1,1,1,1
441,36750.0,0xFFFF,0,1,1,1,1,1,1,1,1,1,1,1,1,1,1,1,1
442,36833.3,0xFFFF,0,1,1,1,1,1,1,1,1,1,1,1,1,1,1,1,1
443,36916.7,0xFFFF,0,1,1,1,1,1,1,1,1,1,1,1,1,1,1,1,1
444,37000.0,0xFFFF,0,1,1,1,1,1,1,1,1,1,1,1,1,1,1,1,1
445,37083.3,0xFFFF,0,1,1,1,1,1,1,1,1,1,1,1,1,1,1,1,1
446,37166.7,0xFFFF,0,1,1,1,1,1,1,1,1,1,1,1,1,1,1,1,1
447,37250.0,0xFFFF,0,1,1,1,1,1,1,1,1,1,1,1,1,1,1,1,1
448,37333.3,0xFFFF,0,1,1,1,1,1,1,1,1,1,1,1,1,1,1,1,1
449,37416.7,0xFFFF,0,1,1,1,1,1,1,1,1,1,1,1,1,1,1,1,1
450,37500.0,0xFFFF,0,1,1,1,1,1,1,1,1,1,1,1,1,1,1,1,1
451,37583.3,0xFFFF,0,1,1,1,1,1,1,1,1,1,1,1,1,1,1,1,1
452,37666.7,0xFFFF,0,1,1,1,1,1,1,1,1,1,1,1,1,1,1,1,1
453,37750.0,0xFFFF,0,1,1,1,1,1,1,1,1,1,1,1,1,1,1,1,1
454,37833.3,0xFFFF,0,1,1,1,1,1,1,1,1,1,1,1,1,1,1,1,1
455,37916.7,0xFFFF,0,1,1,1,1,1,1,1,1,1,1,1,1,1,1,1,1
456,38000.0,0xFFFF,0,1,1,1,1,1,1,1,1,1,1,1,1,1,1,1,1
457,38083.3,0xFFFF,0,1,1,1,1,1,1,1,1,1,1,1,1,1,1,1,1
458,38166.7,0xFFFF,0,1,1,1,1,1,1,1,1,1,1,1,1,1,1,1,1
459,38250.0,0xFFFF,0,1,1,1,1,1,1,1,1,1,1,1,1,1,1,1,1
460,38333.3,0xFFFF,0,1,1,1,1,1,1,1,1,1,1,1,1,1,1,1,1
461,38416.7,0xFFFF,0,1,1,1,1,1,1,1,1,1,1,1,1,1,1,1,1
462,38500.0,0xFFFF,0,1,1,1,1,1,1,1,1,1,1,1,1,1,1,1,1
463,38583.3,0xFFFF,0,1,1,1,1,1,1,1,1,1,1,1,1,1,1,1,1
464,38666.7,0xFFFF,0,1,1,1,1,1,1,1,1,1,1,1,1,1,1,1,1
465,38750.0,0xFFFF,0,1,1,1,1,1,1,1,1,1,1,1,1,1,1,1,1
466,38833.3,0xFFFF,0,1,1,1,1,1,1,1,1,1,1,1,1,1,1,1,1
467,38916.7,0xFFFF,0,1,1,1,1,1,1,1,1,1,1,1,1,1,1,1,1
468,39000.0,0xFFFF,0,1,1,1,1,1,1,1,1,1,1,1,1,1,1,1,1
469,39083.3,0xFFFF,0,1,1,1,1,1,1,1,1,1,1,1,1,1,1,1,1
470,39166.7,0xFFFF,0,1,1,1,1,1,1,1,1,1,1,1,1,1,1,1,1
471,39250.0,0xFFFF,0,1,1,1,1,1,1,1,1,1,1,1,1,1,1,1,1
472,39333.3,0xFFFF,0,1,1,1,1,1,1,1,1,1,1,1,1,1,1,1,1
473,39416.7,0xFFFF,0,1,1,1,1,1,1,1,1,1,1,1,1,1,1,1,1
474,39500.0,0xFFFF,0,1,1,1,1,1,1,1,1,1,1,1,1,1,1,1,1
475,39583.3,0xFFFF,0,1,1,1,1,1,1,1,1,1,1,1,1,1,1,1,1
476,39666.7,0xFFFF,0,1,1,1,1,1,1,1,1,1,1,1,1,1,1,1,1
477,39750.0,0xFFFF,0,1,1,1,1,1,1,1,1,1,1,1,1,1,1,1,1
478,39833.3,0xFFFF,0,1,1,1,1,1,1,1,1,1,1,1,1,1,1,1,1
479,39916.7,0xFFFF,0,1,1,1,1,1,1,1,1,1,1,1,1,1,1,1,1
480,40000.0,0xFFFF,0,1,1,1,1,1,1,1,1,1,1,1,1,1,1,1,1
481,40083.3,0xFFFF,0,1,1,1,1,1,1,1,1,1,1,1,1,1,1,1,1
482,40166.7,0xFFFF,0,1,1,1,1,1,1,1,1,1,1,1,1,1,1,1,1
483,40250.0,0xFFFF,0,1,1,1,1,1,1,1,1,1,1,1,1,1,1,1,1
484,40333.3,0xFFFF,0,1,1,1,1,1,1,1,1,1,1,1,1,1,1,1,1
485,40416.7,0xFFFF,0,1,1,1,1,1,1,1,1,1,1,1,1,1,1,1,1
486,40500.0,0xFFFF,0,1,1,1,1,1,1,1,1,1,1,1,1,1,1,1,1
487,40583.3,0xFFFF,0,1,1,1,1,1,1,1,1,1,1,1,1,1,1,1,1
488,40666.7,0xFFFF,0,1,1,1,1,1,1,1,1,1,1,1,1,1,1,1,1
489,40750.0,0xFFFF,0,1,1,1,1,1,1,1,1,1,1,1,1,1,1,1,1
490,40833.3,0xFFFF,0,1,1,1,1,1,1,1,1,1,1,1,1,1,1,1,1
491,40916.7,0xFFFF,0,1,1,1,1,1,1,1,1,1,1,1,1,1,1,1,1
492,41000.0,0xFFFF,0,1,1,1,1,1,1,1,1,1,1,1,1,1,1,1,1
493,41083.3,0xFFFF,0,1,1,1,1,1,1,1,1,1,1,1,1,1,1,1,1
494,41166.7,0xFFFF,0,1,1,1,1,1,1,1,1,1,1,1,1,1,1,1,1
495,41250.0,0xFFFF,0,1,1,1,1,1,1,1,1,1,1,1,1,1,1,1,1
496,41333.3,0xFFFF,0,1,1,1,1,1,1,1,1,1,1,1,1,1,1,1,1
497,41416.7,0xFFFF,0,1,1,1,1,1,1,1,1,1,1,1,1,1,1,1,1
498,41500.0,0xFFFF,0,1,1,1,1,1,1,1,1,1,1,1,1,1,1,1,1
499,41583.3,0xFFFF,0,1,1,1,1,1,1,1,1,1,1,1,1,1,1,1,1
500,41666.7,0xFFFF,0,1,1,1,1,1,1,1,1,1,1,1,1,1,1,1,1
501,41750.0,0xFFFF,0,1,1,1,1,1,1,1,1,1,1,1,1,1,1,1,1
502,41833.3,0xFFFF,0,1,1,1,1,1,1,1,1,1,1,1,1,1,1,1,1
503,41916.7,0xFFFF,0,1,1,1,1,1,1,1,1,1,1,1,1,1,1,1,1
504,42000.0,0xFFFF,0,1,1,1,1,1,1,1,1,1,1,1,1,1,1,1,1
505,42083.3,0xFFFF,0,1,1,1,1,1,1,1,1,1,1,1,1,1,1,1,1
506,42166.7,0xFFFF,0,1,1,1,1,1,1,1,1,1,1,1,1,1,1,1,1
507,42250.0,0xFFFF,0,1,1,1,1,1,1,1,1,1,1,1,1,1,1,1,1
508,42333.3,0xFFFF,0,1,1,1,1,1,1,1,1,1,1,1,1,1,1,1,1
509,42416.7,0xFFFF,0,1,1,1,1,1,1,1,1,1,1,1,1,1,1,1,1
510,42500.0,0xFFFF,0,1,1,1,1,1,1,1,1,1,1,1,1,1,1,1,1
511,42583.3,0xFFFF,0,1,1,1,1,1,1,1,1,1,1,1,1,1,1,1,1
512,42666.7,0xFFFF,0,1,1,1,1,1,1,1,1,1,1,1,1,1,1,1,1
513,42750.0,0xFFFF,0,1,1,1,1,1,1,1,1,1,1,1,1,1,1,1,1
514,42833.3,0xFFFF,0,1,1,1,1,1,1,1,1,1,1,1,1,1,1,1,1
515,42916.7,0xFFFF,0,1,1,1,1,1,1,1,1,1,1,1,1,1,1,1,1
516,43000.0,0xFFFF,0,1,1,1,1,1,1,1,1,1,1,1,1,1,1,1,1
517,43083.3,0xFFFF,0,1,1,1,1,1,1,1,1,1,1,1,1,1,1,1,1
518,43166.7,0xFFFF,0,1,1,1,1,1,1,1,1,1,1,1,1,1,1,1,1
519,43250.0,0xFFFF,0,1,1,1,1,1,1,1,1,1,1,1,1,1,1,1,1
520,43333.3,0xFFFF,0,1,1,1,1,1,1,1,1,1,1,1,1,1,1,1,1
521,43416.7,0xFFFF,0,1,1,1,1,1,1,1,1,1,1,1,1,1,1,1,1
522,43500.0,0xFFFF,0,1,1,1,1,1,1,1,1,1,1,1,1,1,1,1,1
523,43583.3,0xFFFF,0,1,1,1,1,1,1,1,1,1,1,1,1,1,1,1,1
524,43666.7,0xFFFF,0,1,1,1,1,1,1,1,1,1,1,1,1,1,1,1,1
525,43750.0,0xFFFF,0,1,1,1,1,1,1,1,1,1,1,1,1,1,1,1,1
526,43833.3,0xFFFF,0,1,1,1,1,1,1,1,1,1,1,1,1,1,1,1,1
527,43916.7,0xFFFF,0,1,1,1,1,1,1,1,1,1,1,1,1,1,1,1,1
528,44000.0,0xFFFF,0,1,1,1,1,1,1,1,1,1,1,1,1,1,1,1,1
529,44083.3,0xFFFF,0,1,1,1,1,1,1,1,1,1,1,1,1,1,1,1,1
530,44166.7,0xFFFF,0,1,1,1,1,1,1,1,1,1,1,1,1,1,1,1,1
531,44250.0,0xFFFF,0,1,1,1,1,1,1,1,1,1,1,1,1,1,1,1,1
532,44333.3,0xFFFF,0,1,1,1,1,1,1,1,1,1,1,1,1,1,1,1,1
533,44416.7,0xFFFF,0,1,1,1,1,1,1,1,1,1,1,1,1,1,1,1,1
534,44500.0,0xFFFF,0,1,1,1,1,1,1,1,1,1,1,1,1,1,1,1,1
535,44583.3,0xFFFF,0,1,1,1,1,1,1,1,1,1,1,1,1,1,1,1,1
536,44666.7,0xFFFF,0,1,1,1,1,1,1,1,1,1,1,1,1,1,1,1,1
537,44750.0,0xFFFF,0,1,1,1,1,1,1,1,1,1,1,1,1,1,1,1,1
538,44833.3,0xFFFF,0,1,1,1,1,1,1,1,1,1,1,1,1,1,1,1,1
539,44916.7,0xFFFF,0,1,1,1,1,1,1,1,1,1,1,1,1,1,1,1,1
540,45000.0,0xFFFF,0,1,1,1,1,1,1,1,1,1,1,1,1,1,1,1,1
541,45083.3,0xFFFF,0,1,1,1,1,1,1,1,1,1,1,1,1,1,1,1,1
542,45166.7,0xFFFF,0,1,1,1,1,1,1,1,1,1,1,1,1,1,1,1,1
543,45250.0,0xFFFF,0,1,1,1,1,1,1,1,1,1,1,1,1,1,1,1,1
544,45333.3,0xFFFF,0,1,1,1,1,1,1,1,1,1,1,1,1,1,1,1,1
545,45416.7,0xFFFF,0,1,1,1,1,1,1,1,1,1,1,1,1,1,1,1,1
546,45500.0,0xFFFF,0,1,1,1,1,1,1,1,1,1,1,1,1,1,1,1,1
547,45583.3,0xFFFF,0,1,1,1,1,1,1,1,1,1,1,1,1,1,1,1,1
548,45666.7,0xFFFF,0,1,1,1,1,1,1,1,1,1,1,1,1,1,1,1,1
549,45750.0,0xFFFF,0,1,1,1,1,1,1,1,1,1,1,1,1,1,1,1,1
550,45833.3,0xFFFF,0,1,1,1,1,1,1,1,1,1,1,1,1,1,1,1,1
551,45916.7,0xFFFF,0,1,1,1,1,1,1,1,1,1,1,1,1,1,1,1,1
552,46000.0,0xFFFF,0,1,1,1,1,1,1,1,1,1,1,1,1,1,1,1,1
553,46083.3,0xFFFF,0,1,1,1,1,1,1,1,1,1,1,1,1,1,1,1,1
554,46166.7,0xFFFF,0,1,1,1,1,1,1,1,1,1,1,1,1,1,1,1,1
555,46250.0,0xFFFF,0,1,1,1,1,1,1,1,1,1,1,1,1,1,1,1,1
556,46333.3,0xFFFF,0,1,1,1,1,1,1,1,1,1,1,1,1,1,1,1,1
557,46416.7,0xFFFF,0,1,1,1,1,1,1,1,1,1,1,1,1,1,1,1,1
558,46500.0,0xFFFF,0,1,1,1,1,1,1,1,1,1,1,1,1,1,1,1,1
559,46583.3,0xFFFF,0,1,1,1,1,1,1,1,1,1,1,1,1,1,1,1,1
560,46666.7,0xFFFF,0,1,1,1,1,1,1,1,1,1,1,1,1,1,1,1,1
561,46750.0,0xFFFF,0,1,1,1,1,1,1,1,1,1,1,1,1,1,1,1,1
562,46833.3,0xFFFF,0,1,1,1,1,1,1,1,1,1,1,1,1,1,1,1,1
563,46916.7,0xFFFF,0,1,1,1,1,1,1,1,1,1,1,1,1,1,1,1,1
564,47000.0,0xFFFF,0,1,1,1,1,1,1,1,1,1,1,1,1,1,1,1,1
565,47083.3,0xFFFF,0,1,1,1,1,1,1,1,1,1,1,1,1,1,1,1,1
566,47166.7,0xFFFF,0,1,1,1,1,1,1,1,1,1,1,1,1,1,1,1,1
567,47250.0,0xFFFF,0,1,1,1,1,1,1,1,1,1,1,1,1,1,1,1,1
568,47333.3,0xFFFF,0,1,1,1,1,1,1,1,1,1,1,1,1,1,1,1,1
569,47416.7,0xFFFF,0,1,1,1,1,1,1,1,1,1,1,1,1,1,1,1,1
570,47500.0,0xFFFF,0,1,1,1,1,1,1,1,1,1,1,1,1,1,1,1,1
571,47583.3,0xFFFF,0,1,1,1,1,1,1,1,1,1,1,1,1,1,1,1,1
572,47666.7,0xFFFF,0,1,1,1,1,1,1,1,1,1,1,1,1,1,1,1,1
573,47750.0,0xFFFF,0,1,1,1,1,1,1,1,1,1,1,1,1,1,1,1,1
574,47833.3,0xFFFF,0,1,1,1,1,1,1,1,1,1,1,1,1,1,1,1,1
575,47916.7,0xFFFF,0,1,1,1,1,1,1,1,1,1,1,1,1,1,1,1,1
576,48000.0,0xFFFF,0,1,1,1,1,1,1,1,1,1,1,1,1,1,1,1,1
577,48083.3,0xFFFF,0,1,1,1,1,1,1,1,1,1,1,1,1,1,1,1,1
578,48166.7,0xFFFF,0,1,1,1,1,1,1,1,1,1,1,1,1,1,1,1,1
579,48250.0,0xFFFF,0,1,1,1,1,1,1,1,1,1,1,1,1,1,1,1,1
580,48333.3,0xFFFF,0,1,1,1,1,1,1,1,1,1,1,1,1,1,1,1,1
581,48416.7,0xFFFF,0,1,1,1,1,1,1,1,1,1,1,1,1,1,1,1,1
582,48500.0,0xFFFF,0,1,1,1,1,1,1,1,1,1,1,1,1,1,1,1,1
583,48583.3,0xFFFF,0,1,1,1,1,1,1,1,1,1,1,1,1,1,1,1,1
584,48666.7,0xFFFF,0,1,1,1,1,1,1,1,1,1,1,1,1,1,1,1,1
585,48750.0,0xFFFF,0,1,1,1,1,1,1,1,1,1,1,1,1,1,1,1,1
586,48833.3,0xFFFF,0,1,1,1,1,1,1,1,1,1,1,1,1,1,1,1,1
587,48916.7,0xFFFF,0,1,1,1,1,1,1,1,1,1,1,1,1,1,1,1,1
588,49000.0,0xFFFF,0,1,1,1,1,1,1,1,1,1,1,1,1,1,1,1,1
589,49083.3,0xFFFF,0,1,1,1,1,1,1,1,1,1,1,1,1,1,1,1,1
590,49166.7,0xFFFF,0,1,1,1,1,1,1,1,1,1,1,1,1,1,1,1,1
591,49250.0,0xFFFF,0,1,1,1,1,1,1,1,1,1,1,1,1,1,1,1,1
592,49333.3,0xFFFF,0,1,1,1,1,1,1,1,1,1,1,1,1,1,1,1,1
593,49416.7,0xFFFF,0,1,1,1,1,1,1,1,1,1,1,1,1,1,1,1,1
594,49500.0,0xFFFF,0,1,1,1,1,1,1,1,1,1,1,1,1,1,1,1,1
595,49583.3,0xFFFF,0,1,1,1,1,1,1,1,1,1,1,1,1,1,1,1,1
596,49666.7,0xFFFF,0,1,1,1,1,1,1,1,1,1,1,1,1,1,1,1,1
597,49750.0,0xFFFF,0,1,1,1,1,1,1,1,1,1,1,1,1,1,1,1,1
598,49833.3,0xFFFF,0,1,1,1,1,1,1,1,1,1,1,1,1,1,1,1,1
599,49916.7,0xFFFF,0,1,1,1,1,1,1,1,1,1,1,1,1,1,1,1,1
600,50000.0,0xFFFF,0,1,1,1,1,1,1,1,1,1,1,1,1,1,1,1,1
601,50083.3,0xFFFF,0,1,1,1,1,1,1,1,1,1,1,1,1,1,1,1,1
602,50166.7,0xFFFF,0,1,1,1,1,1,1,1,1,1,1,1,1,1,1,1,1
603,50250.0,0xFFFF,0,1,1,1,1,1,1,1,1,1,1,1,1,1,1,1,1
604,50333.3,0xFFFF,0,1,1,1,1,1,1,1,1,1,1,1,1,1,1,1,1
605,50416.7,0xFFFF,0,1,1,1,1,1,1,1,1,1,1,1,1,1,1,1,1
606,50500.0,0xFFFF,0,1,1,1,1,1,1,1,1,1,1,1,1,1,1,1,1
607,50583.3,0xFFFF,0,1,1,1,1,1,1,1,1,1,1,1,1,1,1,1,1
608,50666.7,0xFFFF,0,1,1,1,1,1,1,1,1,1,1,1,1,1,1,1,1
609,50750.0,0xFFFF,0,1,1,1,1,1,1,1,1,1,1,1,1,1,1,1,1
610,50833.3,0xFFFF,0,1,1,1,1,1,1,1,1,1,1,1,1,1,1,1,1
611,50916.7,0xFFFF,0,1,1,1,1,1,1,1,1,1,1,1,1,1,1,1,1
612,51000.0,0xFFFF,0,1,1,1,1,1,1,1,1,1,1,1,1,1,1,1,1
613,51083.3,0xFFFF,0,1,1,1,1,1,1,1,1,1,1,1,1,1,1,1,1
614,51166.7,0xFFFF,0,1,1,1,1,1,1,1,1,1,1,1,1,1,1,1,1
615,51250.0,0xFFFF,0,1,1,1,1,1,1,1,1,1,1,1,1,1,1,1,1
616,51333.3,0xFFFF,0,1,1,1,1,1,1,1,1,1,1,1,1,1,1,1,1
617,51416.7,0xFFFF,0,1,1,1,1,1,1,1,1,1,1,1,1,1,1,1,1
618,51500.0,0xFFFF,0,1,1,1,1,1,1,1,1,1,1,1,1,1,1,1,1
619,51583.3,0xFFFF,0,1,1,1,1,1,1,1,1,1,1,1,1,1,1,1,1
620,51666.7,0xFFFF,0,1,1,1,1,1,1,1,1,1,1,1,1,1,1,1,1
621,51750.0,0xFFFF,0,1,1,1,1,1,1,1,1,1,1,1,1,1,1,1,1
622,51833.3,0xFFFF,0,1,1,1,1,1,1,1,1,1,1,1,1,1,1,1,1
623,51916.7,0xFFFF,0,1,1,1,1,1,1,1,1,1,1,1,1,1,1,1,1
624,52000.0,0xFFFF,0,1,1,1,1,1,1,1,1,1,1,1,1,1,1,1,1
625,52083.3,0xFFFF,0,1,1,1,1,1,1,1,1,1,1,1,1,1,1,1,1
626,52166.7,0xFFFF,0,1,1,1,1,1,1,1,1,1,1,1,1,1,1,1,1
627,52250.0,0xFFFF,0,1,1,1,1,1,1,1,1,1,1,1,1,1,1,1,1
628,52333.3,0xFFFF,0,1,1,1,1,1,1,1,1,1,1,1,1,1,1,1,1
629,52416.7,0xFFFF,0,1,1,1,1,1,1,1,1,1,1,1,1,1,1,1,1
630,52500.0,0xFFFF,0,1,1,1,1,1,1,1,1,1,1,1,1,1,1,1,1
631,52583.3,0xFFFF,0,1,1,1,1,1,1,1,1,1,1,1,1,1,1,1,1
632,52666.7,0xFFFF,0,1,1,1,1,1,1,1,1,1,1,1,1,1,1,1,1
633,52750.0,0xFFFF,0,1,1,1,1,1,1,1,1,1,1,1,1,1,1,1,1
634,52833.3,0xFFFF,0,1,1,1,1,1,1,1,1,1,1,1,1,1,1,1,1
635,52916.7,0xFFFF,0,1,1,1,1,1,1,1,1,1,1,1,1,1,1,1,1
636,53000.0,0xFFFF,0,1,1,1,1,1,1,1,1,1,1,1,1,1,1,1,1
637,53083.3,0xFFFF,0,1,1,1,1,1,1,1,1,1,1,1,1,1,1,1,1
638,53166.7,0xFFFF,0,1,1,1,1,1,1,1,1,1,1,1,1,1,1,1,1
639,53250.0,0xFFFF,0,1,1,1,1,1,1,1,1,1,1,1,1,1,1,1,1
640,53333.3,0xFFFF,0,1,1,1,1,1,1,1,1,1,1,1,1,1,1,1,1
641,53416.7,0xFFFF,0,1,1,1,1,1,1,1,1,1,1,1,1,1,1,1,1
642,53500.0,0xFFFF,0,1,1,1,1,1,1,1,1,1,1,1,1,1,1,1,1
643,53583.3,0xFFFF,0,1,1,1,1,1,1,1,1,1,1,1,1,1,1,1,1
644,53666.7,0xFFFF,0,1,1,1,1,1,1,1,1,1,1,1,1,1,1,1,1
645,53750.0,0xFFFF,0,1,1,1,1,1,1,1,1,1,1,1,1,1,1,1,1
646,53833.3,0xFFFF,0,1,1,1,1,1,1,1,1,1,1,1,1,1,1,1,1
647,53916.7,0xFFFF,0,1,1,1,1,1,1,1,1,1,1,1,1,1,1,1,1
648,54000.0,0xFFFF,0,1,1,1,1,1,1,1,1,1,1,1,1,1,1,1,1
649,54083.3,0xFFFF,0,1,1,1,1,1,1,1,1,1,1,1,1,1,1,1,1
650,54166.7,0xFFFF,0,1,1,1,1,1,1,1,1,1,1,1,1,1,1,1,1
651,54250.0,0xFFFF,0,1,1,1,1,1,1,1,1,1,1,1,1,1,1,1,1
652,54333.3,0xFFFF,0,1,1,1,1,1,1,1,1,1,1,1,1,1,1,1,1
653,54416.7,0xFFFF,0,1,1,1,1,1,1,1,1,1,1,1,1,1,1,1,1
654,54500.0,0xFFFF,0,1,1,1,1,1,1,1,1,1,1,1,1,1,1,1,1
655,54583.3,0xFFFF,0,1,1,1,1,1,1,1,1,1,1,1,1,1,1,1,1
656,54666.7,0xFFFF,0,1,1,1,1,1,1,1,1,1,1,1,1,1,1,1,1
657,54750.0,0xFFFF,0,1,1,1,1,1,1,1,1,1,1,1,1,1,1,1,1
658,54833.3,0xFFFF,0,1,1,1,1,1,1,1,1,1,1,1,1,1,1,1,1
659,54916.7,0xFFFF,0,1,1,1,1,1,1,1,1,1,1,1,1,1,1,1,1
660,55000.0,0xFFFF,0,1,1,1,1,1,1,1,1,1,1,1,1,1,1,1,1
661,55083.3,0xFFFF,0,1,1,1,1,1,1,1,1,1,1,1,1,1,1,1,1
662,55166.7,0xFFFF,0,1,1,1,1,1,1,1,1,1,1,1,1,1,1,1,1
663,55250.0,0xFFFF,0,1,1,1,1,1,1,1,1,1,1,1,1,1,1,1,1
664,55333.3,0xFFFF,0,1,1,1,1,1,1,1,1,1,1,1,1,1,1,1,1
665,55416.7,0xFFFF,0,1,1,1,1,1,1,1,1,1,1,1,1,1,1,1,1
666,55500.0,0xFFFF,0,1,1,1,1,1,1,1,1,1,1,1,1,1,1,1,1
667,55583.3,0xFFFF,0,1,1,1,1,1,1,1,1,1,1,1,1,1,1,1,1
668,55666.7,0xFFFF,0,1,1,1,1,1,1,1,1,1,1,1,1,1,1,1,1
669,55750.0,0xFFFF,0,1,1,1,1,1,1,1,1,1,1,1,1,1,1,1,1
670,55833.3,0xFFFF,0,1,1,1,1,1,1,1,1,1,1,1,1,1,1,1,1
671,55916.7,0xFFFF,0,1,1,1,1,1,1,1,1,1,1,1,1,1,1,1,1
672,56000.0,0xFFFF,0,1,1,1,1,1,1,1,1,1,1,1,1,1,1,1,1
673,56083.3,0xFFFF,0,1,1,1,1,1,1,1,1,1,1,1,1,1,1,1,1
674,56166.7,0xFFFF,0,1,1,1,1,1,1,1,1,1,1,1,1,1,1,1,1
675,56250.0,0xFFFF,0,1,1,1,1,1,1,1,1,1,1,1,1,1,1,1,1
676,56333.3,0xFFFF,0,1,1,1,1,1,1,1,1,1,1,1,1,1,1,1,1
677,56416.7,0xFFFF,0,1,1,1,1,1,1,1,1,1,1,1,1,1,1,1,1
678,56500.0,0xFFFF,0,1,1,1,1,1,1,1,1,1,1,1,1,1,1,1,1
679,56583.3,0xFFFF,0,1,1,1,1,1,1,1,1,1,1,1,1,1,1,1,1
680,56666.7,0xFFFF,0,1,1,1,1,1,1,1,1,1,1,1,1,1,1,1,1
681,56750.0,0xFFFF,0,1,1,1,1,1,1,1,1,1,1,1,1,1,1,1,1
682,56833.3,0xFFFF,0,1,1,1,1,1,1,1,1,1,1,1,1,1,1,1,1
683,56916.7,0xFFFF,0,1,1,1,1,1,1,1,1,1,1,1,1,1,1,1,1
684,57000.0,0xFFFF,0,1,1,1,1,1,1,1,1,1,1,1,1,1,1,1,1
685,57083.3,0xFFFF,0,1,1,1,1,1,1,1,1,1,1,1,1,1,1,1,1
686,57166.7,0xFFFF,0,1,1,1,1,1,1,1,1,1,1,1,1,1,1,1,1
687,57250.0,0xFFFF,0,1,1,1,1,1,1,1,1,1,1,1,1,1,1,1,1
688,57333.3,0xFFFF,0,1,1,1,1,1,1,1,1,1,1,1,1,1,1,1,1
689,57416.7,0xFFFF,0,1,1,1,1,1,1,1,1,1,1,1,1,1,1,1,1
690,57500.0,0xFFFF,0,1,1,1,1,1,1,1,1,1,1,1,1,1,1,1,1
691,57583.3,0xFFFF,0,1,1,1,1,1,1,1,1,1,1,1,1,1,1,1,1
692,57666.7,0xFFFF,0,1,1,1,1,1,1,1,1,1,1,1,1,1,1,1,1
693,57750.0,0xFFFF,0,1,1,1,1,1,1,1,1,1,1,1,1,1,1,1,1
694,57833.3,0xFFFF,0,1,1,1,1,1,1,1,1,1,1,1,1,1,1,1,1
695,57916.7,0xFFFF,0,1,1,1,1,1,1,1,1,1,1,1,1,1,1,1,1
696,58000.0,0xFFFF,0,1,1,1,1,1,1,1,1,1,1,1,1,1,1,1,1
697,58083.3,0xFFFF,0,1,1,1,1,1,1,1,1,1,1,1,1,1,1,1,1
698,58166.7,0xFFFF,0,1,1,1,1,1,1,1,1,1,1,1,1,1,1,1,1
699,58250.0,0xFFFF,0,1,1,1,1,1,1,1,1,1,1,1,1,1,1,1,1
700,58333.3,0xFFFF,0,1,1,1,1,1,1,1,1,1,1,1,1,1,1,1,1
701,58416.7,0xFFFF,0,1,1,1,1,1,1,1,1,1,1,1,1,1,1,1,1
702,58500.0,0xFFFF,0,1,1,1,1,1,1,1,1,1,1,1,1,1,1,1,1
703,58583.3,0xFFFF,0,1,1,1,1,1,1,1,1,1,1,1,1,1,1,1,1
704,58666.7,0xFFFF,0,1,1,1,1,1,1,1,1,1,1,1,1,1,1,1,1
705,58750.0,0xFFFF,0,1,1,1,1,1,1,1,1,1,1,1,1,1,1,1,1
706,58833.3,0xFFFF,0,1,1,1,1,1,1,1,1,1,1,1,1,1,1,1,1
707,58916.7,0xFFFF,0,1,1,1,1,1,1,1,1,1,1,1,1,1,1,1,1
708,59000.0,0xFFFF,0,1,1,1,1,1,1,1,1,1,1,1,1,1,1,1,1
709,59083.3,0xFFFF,0,1,1,1,1,1,1,1,1,1,1,1,1,1,1,1,1
710,59166.7,0xFFFF,0,1,1,1,1,1,1,1,1,1,1,1,1,1,1,1,1
711,59250.0,0xFFFF,0,1,1,1,1,1,1,1,1,1,1,1,1,1,1,1,1
712,59333.3,0xFFFF,0,1,1,1,1,1,1,1,1,1,1,1,1,1,1,1,1
713,59416.7,0xFFFF,0,1,1,1,1,1,1,1,1,1,1,1,1,1,1,1,1
714,59500.0,0xFFFF,0,1,1,1,1,1,1,1,1,1,1,1,1,1,1,1,1
715,59583.3,0xFFFF,0,1,1,1,1,1,1,1,1,1,1,1,1,1,1,1,1
716,59666.7,0xFFFF,0,1,1,1,1,1,1,1,1,1,1,1,1,1,1,1,1
717,59750.0,0xFFFF,0,1,1,1,1,1,1,1,1,1,1,1,1,1,1,1,1
718,59833.3,0xFFFF,0,1,1,1,1,1,1,1,1,1,1,1,1,1,1,1,1
719,59916.7,0xFFFF,0,1,1,1,1,1,1,1,1,1,1,1,1,1,1,1,1
720,60000.0,0xFFFF,0,1,1,1,1,1,1,1,1,1,1,1,1,1,1,1,1
721,60083.3,0xFFFF,0,1,1,1,1,1,1,1,1,1,1,1,1,1,1,1,1
722,60166.7,0xFFFF,0,1,1,1,1,1,1,1,1,1,1,1,1,1,1,1,1
723,60250.0,0xFFFF,0,1,1,1,1,1,1,1,1,1,1,1,1,1,1,1,1
724,60333.3,0xFFFF,0,1,1,1,1,1,1,1,1,1,1,1,1,1,1,1,1
725,60416.7,0xFFFF,0,1,1,1,1,1,1,1,1,1,1,1,1,1,1,1,1
726,60500.0,0xFFFF,0,1,1,1,1,1,1,1,1,1,1,1,1,1,1,1,1
727,60583.3,0xFFFF,0,1,1,1,1,1,1,1,1,1,1,1,1,1,1,1,1
728,60666.7,0xFFFF,0,1,1,1,1,1,1,1,1,1,1,1,1,1,1,1,1
729,60750.0,0xFFFF,0,1,1,1,1,1,1,1,1,1,1,1,1,1,1,1,1
730,60833.3,0xFFFF,0,1,1,1,1,1,1,1,1,1,1,1,1,1,1,1,1
731,60916.7,0xFFFF,0,1,1,1,1,1,1,1,1,1,1,1,1,1,1,1,1
732,61000.0,0xFFFF,0,1,1,1,1,1,1,1,1,1,1,1,1,1,1,1,1
733,61083.3,0xFFFF,0,1,1,1,1,1,1,1,1,1,1,1,1,1,1,1,1
734,61166.7,0xFFFF,0,1,1,1,1,1,1,1,1,1,1,1,1,1,1,1,1
735,61250.0,0xFFFF,0,1,1,1,1,1,1,1,1,1,1,1,1,1,1,1,1
736,61333.3,0xFFFF,0,1,1,1,1,1,1,1,1,1,1,1,1,1,1,1,1
737,61416.7,0xFFFF,0,1,1,1,1,1,1,1,1,1,1,1,1,1,1,1,1
738,61500.0,0xFFFF,0,1,1,1,1,1,1,1,1,1,1,1,1,1,1,1,1
739,61583.3,0xFFFF,0,1,1,1,1,1,1,1,1,1,1,1,1,1,1,1,1
740,61666.7,0xFFFF,0,1,1,1,1,1,1,1,1,1,1,1,1,1,1,1,1
741,61750.0,0xFFFF,0,1,1,1,1,1,1,1,1,1,1,1,1,1,1,1,1
742,61833.3,0xFFFF,0,1,1,1,1,1,1,1,1,1,1,1,1,1,1,1,1
743,61916.7,0xFFFF,0,1,1,1,1,1,1,1,1,1,1,1,1,1,1,1,1
744,62000.0,0xFFFF,0,1,1,1,1,1,1,1,1,1,1,1,1,1,1,1,1
745,62083.3,0xFFFF,0,1,1,1,1,1,1,1,1,1,1,1,1,1,1,1,1
746,62166.7,0xFFFF,0,1,1,1,1,1,1,1,1,1,1,1,1,1,1,1,1
747,62250.0,0xFFFF,0,1,1,1,1,1,1,1,1,1,1,1,1,1,1,1,1
748,62333.3,0xFFFF,0,1,1,1,1,1,1,1,1,1,1,1,1,1,1,1,1
749,62416.7,0xFFFF,0,1,1,1,1,1,1,1,1,1,1,1,1,1,1,1,1
750,62500.0,0xFFFF,0,1,1,1,1,1,1,1,1,1,1,1,1,1,1,1,1
751,62583.3,0xFFFF,0,1,1,1,1,1,1,1,1,1,1,1,1,1,1,1,1
752,62666.7,0xFFFF,0,1,1,1,1,1,1,1,1,1,1,1,1,1,1,1,1
753,62750.0,0xFFFF,0,1,1,1,1,1,1,1,1,1,1,1,1,1,1,1,1
754,62833.3,0xFFFF,0,1,1,1,1,1,1,1,1,1,1,1,1,1,1,1,1
755,62916.7,0xFFFF,0,1,1,1,1,1,1,1,1,1,1,1,1,1,1,1,1
756,63000.0,0xFFFF,0,1,1,1,1,1,1,1,1,1,1,1,1,1,1,1,1
757,63083.3,0xFFFF,0,1,1,1,1,1,1,1,1,1,1,1,1,1,1,1,1
758,63166.7,0xFFFF,0,1,1,1,1,1,1,1,1,1,1,1,1,1,1,1,1
759,63250.0,0xFFFF,0,1,1,1,1,1,1,1,1,1,1,1,1,1,1,1,1
760,63333.3,0xFFFF,0,1,1,1,1,1,1,1,1,1,1,1,1,1,1,1,1
761,63416.7,0xFFFF,0,1,1,1,1,1,1,1,1,1,1,1,1,1,1,1,1
762,63500.0,0xFFFF,0,1,1,1,1,1,1,1,1,1,1,1,1,1,1,1,1
763,63583.3,0xFFFF,0,1,1,1,1,1,1,1,1,1,1,1,1,1,1,1,1
764,63666.7,0xFFFF,0,1,1,1,1,1,1,1,1,1,1,1,1,1,1,1,1
765,63750.0,0xFFFF,0,1,1,1,1,1,1,1,1,1,1,1,1,1,1,1,1
766,63833.3,0xFFFF,0,1,1,1,1,1,1,1,1,1,1,1,1,1,1,1,1
767,63916.7,0xFFFF,0,1,1,1,1,1,1,1,1,1,1,1,1,1,1,1,1
